date,open,high,low,close,volume
2024-09-12,1.91309,2.01531,1.9087,2.01308,7312.14616
2024-09-13,1.99381,2.08802,1.95788,2.08802,16036.03481
2024-09-14,2.06137,2.0956,1.97849,2.00799,32407.02143
2024-09-15,2.02885,2.06112,1.91935,1.94565,7859.25927
2024-09-16,1.94218,1.9533,1.86779,1.89219,8257.69797
2024-09-17,1.90246,2.06688,1.88967,2.01598,13474.18805
2024-09-18,1.99917,2.0926,1.94686,2.08079,55035.78291
2024-09-19,2.107,2.26974,2.09091,2.20978,42367.83664
2024-09-20,2.21,2.38,2.17742,2.31982,30064.46534
2024-09-21,2.2709,2.28913,2.22053,2.28913,77012.5501
2024-09-22,2.25549,2.25549,2.06963,2.15487,30228.80003
2024-09-23,2.1543,2.29602,2.12392,2.23534,42663.03349
2024-09-24,2.21745,2.44503,2.18316,2.40413,43176.95628
2024-09-25,2.40299,2.41238,2.28179,2.29584,27731.15454
2024-09-26,2.29584,2.5267,2.26219,2.42685,40492.97438
2024-09-27,2.46,2.54908,2.39429,2.49037,78002.24814
2024-09-28,2.52147,2.56447,2.41961,2.46798,15790.99882
2024-09-29,2.49128,2.56249,2.37252,2.49537,14787.99343
2024-09-30,2.49602,2.51479,2.26136,2.28853,20951.28266
2024-10-01,2.28254,2.39099,2.03818,2.08377,67868.10016
2024-10-02,2.09394,2.20529,2.0,2.06269,27724.06815
2024-10-03,2.06008,2.11462,1.932,1.98241,17415.32286
2024-10-04,2.00506,2.1,1.99826,2.04544,19947.23211
2024-10-05,2.0646,2.08827,1.98652,2.03083,5476.56845
2024-10-06,2.02889,2.107,1.96159,2.06454,133339.59028
2024-10-07,2.11564,2.17721,1.99872,1.99872,37502.91469
2024-10-08,2.00782,2.01165,1.89596,1.93674,36971.76035
2024-10-09,1.93356,1.97575,1.86853,1.9064,10280.93714
2024-10-10,1.89354,1.92646,1.80932,1.86138,10976.84131
2024-10-11,1.87636,1.95594,1.86742,1.91084,46777.15016
2024-10-12,1.91649,2.00121,1.91107,1.95633,22186.06848
2024-10-13,1.96466,2.00506,1.88886,1.9735,11204.95663
2024-10-14,1.96908,2.36213,1.93229,2.31905,61291.36245
2024-10-15,2.32234,2.4544,2.12897,2.34576,152834.93714
2024-10-16,2.3212,2.32763,2.17759,2.20878,33389.61658
2024-10-17,2.22096,2.23157,2.08,2.11422,23809.98553
2024-10-18,2.14119,2.2398,2.14119,2.2086,43245.49278
2024-10-19,2.21482,2.28602,2.15342,2.28387,5708.77116
2024-10-20,2.28312,2.37694,2.22374,2.33147,10852.48372
2024-10-21,2.34092,2.40425,2.17402,2.17402,18878.51263
2024-10-22,2.16093,2.2352,2.15342,2.1888,15204.52624
2024-10-23,2.1771,2.28922,2.07795,2.27808,25093.30023
2024-10-24,2.28924,2.56921,2.28152,2.40528,215637.61836
2024-10-25,2.42037,2.43535,2.0701,2.15464,94687.01106
2024-10-26,2.15687,2.31952,2.09737,2.27495,51935.15861
2024-10-27,2.26367,2.50641,2.23929,2.50638,42888.05286
2024-10-28,2.48939,2.55603,2.3846,2.4768,45051.72435
2024-10-29,2.46801,2.54336,2.3993,2.44803,174150.40405
2024-10-30,2.44417,2.52861,2.30651,2.37291,83654.95179
2024-10-31,2.37729,2.39899,2.25658,2.2863,33341.94512
2024-11-01,2.28788,2.36412,2.21248,2.26039,40943.29904
2024-11-02,2.24127,2.2863,2.14775,2.22201,93903.52201
2024-11-03,2.22573,2.23483,1.92,2.0068,49389.32938
2024-11-04,1.99259,2.0494,1.84913,1.85609,69404.91935
2024-11-05,1.85783,2.0581,1.84067,1.99781,95545.49796
2024-11-06,1.98915,2.40112,1.98915,2.35552,193067.56507
2024-11-07,2.35395,2.86941,2.26022,2.81431,130547.73619
2024-11-08,2.84144,3.02326,2.72148,2.94868,269752.65871
2024-11-09,2.95599,3.26575,2.86448,3.13447,108585.99501
2024-11-10,3.13126,3.23831,2.8998,3.06591,132032.05892
2024-11-11,3.05956,3.19,2.91714,3.07475,86957.92453
2024-11-12,3.06553,3.2075,2.8372,3.01015,107950.67979
2024-11-13,3.04077,3.35075,2.75364,3.13857,76957.79575
2024-11-14,3.139,3.18247,2.71489,2.7517,102863.8182
2024-11-15,2.75649,2.87,2.64091,2.81732,110621.12649
2024-11-16,2.81222,2.86416,2.68061,2.75173,116329.47854
2024-11-17,2.76182,3.10114,2.63,2.85703,146253.33154
2024-11-18,2.85968,3.06418,2.83137,2.95459,83382.6737
2024-11-19,2.94054,2.98157,2.81178,2.90267,80988.11463
2024-11-20,2.90129,2.90129,2.61477,2.73207,72157.28737
2024-11-21,2.72795,3.39375,2.71509,3.36474,170707.16235
2024-11-22,3.37135,3.75585,3.31988,3.63598,250477.00937
2024-11-23,3.6369,3.82831,3.5,3.59,106077.48282
2024-11-24,3.55608,3.87014,3.43005,3.77835,126502.48966
2024-11-25,3.77057,3.97,3.37167,3.50509,86847.01693
2024-11-26,3.49519,3.56195,3.20219,3.46238,48457.085
2024-11-27,3.44585,3.8,3.44585,3.6784,60977.76615
2024-11-28,3.66708,3.75052,3.44951,3.56804,33403.3501
2024-11-29,3.56607,3.77816,3.52405,3.71874,270465.81458
2024-11-30,3.70373,3.83495,3.63953,3.69673,26809.22871
2024-12-01,3.69761,3.92098,3.60147,3.83705,23599.61647
2024-12-02,3.79699,3.8262,3.35307,3.59405,99859.17498
2024-12-03,3.58478,3.80241,3.17562,3.60558,88940.87026
2024-12-04,3.62934,3.88673,3.49298,3.62125,196378.56195
2024-12-05,3.63679,3.8751,3.40651,3.61496,252872.31838
2024-12-06,3.59711,3.79342,3.48568,3.50196,116033.56388
2024-12-07,3.48115,4.1068,3.48111,3.92127,94338.82275
2024-12-08,3.91076,4.14999,3.71314,3.86491,59125.84001
2024-12-09,3.85478,3.85478,3.2,3.63831,145924.31112
2024-12-10,3.5996,3.87726,3.25944,3.63608,62568.71151
2024-12-11,3.63904,4.20883,3.50136,3.91986,444359.8433
2024-12-12,3.88945,4.33667,3.84279,3.909,168305.94565
2024-12-13,3.9253,4.01498,3.84548,3.9688,32338.21922
2024-12-14,3.94597,3.98877,3.59744,3.68146,39706.68009
2024-12-15,3.66851,3.75052,3.55281,3.72713,26589.16617
2024-12-16,3.72076,3.82757,3.4733,3.48818,69233.4059
2024-12-17,3.50445,3.638,3.32492,3.34016,49565.7896
2024-12-18,3.365,3.38043,2.9,2.99118,197179.20553
2024-12-19,2.99289,3.10152,2.64642,2.87016,141241.08911
2024-12-20,2.82685,3.08809,2.69064,3.04845,123174.2634
2024-12-21,3.0788,3.29319,2.88,2.88126,99376.42334
2024-12-22,2.87287,3.0881,2.8414,2.8938,14032.25921
2024-12-23,2.92657,3.17743,2.89094,3.12632,52733.87875
2024-12-24,3.1189,3.21582,3.07851,3.21,33921.94831
2024-12-25,3.20151,3.28747,3.18886,3.24016,14168.66971
2024-12-26,3.25812,3.27929,3.12122,3.14781,16165.45705
2024-12-27,3.17333,3.35382,3.1295,3.23235,42212.84427
2024-12-28,3.24037,3.31963,3.11969,3.3134,8603.44344
2024-12-29,3.31924,3.3316,3.22249,3.26346,15416.21959
2024-12-30,3.27176,3.45607,3.2466,3.30154,112652.24609
2024-12-31,3.28228,3.4,3.16359,3.32832,55741.84062
2025-01-01,3.36032,3.41631,3.1114,3.15472,58673.94399
2025-01-02,3.16977,3.26826,3.12449,3.13549,48496.86069
2025-01-03,3.14383,3.25925,2.98085,3.1755,63753.21727
2025-01-04,3.19289,3.22231,3.07366,3.07366,33849.56384
2025-01-05,3.09479,3.15968,3.05,3.10426,48656.59792
2025-01-06,3.10134,3.24122,3.08197,3.23696,62234.31448
2025-01-07,3.24362,3.27108,3.00264,3.01899,19942.31701
2025-01-08,3.00152,3.10462,2.79344,3.10462,32910.5911
2025-01-09,3.09208,3.09208,2.74927,2.79497,29358.37862
2025-01-10,2.81636,2.89817,2.69,2.74429,16842.13289
2025-01-11,2.73562,2.75487,2.6554,2.6963,10860.79633
2025-01-12,2.68695,2.68695,2.57,2.59929,8419.89121
2025-01-13,2.61934,2.65965,2.22205,2.42892,237754.45833
2025-01-14,2.43961,2.54095,2.43961,2.49274,11580.01986
2025-01-15,2.48788,2.75416,2.3877,2.752,41035.54926
2025-01-16,2.77127,2.82465,2.63823,2.6666,50422.68178
2025-01-17,2.68391,3.03115,2.67147,3.00116,48074.65247
2025-01-18,3.02496,3.5,2.94103,3.2024,372408.32455
2025-01-19,3.2024,3.44487,2.86942,2.95814,215443.26495
2025-01-20,2.96233,3.12733,2.75438,2.91314,239959.77011
2025-01-21,2.91927,3.12252,2.78093,2.985,33417.78459
2025-01-22,2.96238,3.2249,2.94091,3.05526,26697.59526
2025-01-23,3.0485,3.06379,2.72424,2.82225,89690.57532
2025-01-24,2.83114,3.01156,2.72049,2.7573,122585.46749
2025-01-25,2.75673,2.92506,2.69171,2.87298,18011.68258
2025-01-26,2.86477,3.17648,2.83141,2.93162,70028.33876
2025-01-27,2.90106,2.93918,2.58253,2.92076,85879.78503
2025-01-28,2.96311,3.06196,2.80087,2.80087,56297.00162
2025-01-29,2.83157,3.38077,2.83157,3.24035,77942.02355
2025-01-30,3.2269,3.40111,3.19755,3.36086,58417.49421
2025-01-31,3.32988,3.54547,3.31938,3.3739,247513.53232
2025-02-01,3.40111,3.41113,3.00898,3.022,80783.30341
2025-02-02,2.99433,3.13618,2.714,2.85906,145798.70869
2025-02-03,2.87244,3.14,2.26491,3.10308,188197.1614
2025-02-04,3.13618,3.298,2.847,2.95034,182493.27909
2025-02-05,2.92432,2.92432,2.57639,2.61745,56851.66368
2025-02-06,2.62713,3.13618,2.45264,2.49263,304354.83734
2025-02-07,2.50557,2.67492,2.41367,2.4727,79402.4829
2025-02-08,2.46656,2.54944,2.43366,2.542,14845.09132
2025-02-09,2.52724,2.6117,2.37301,2.48213,44817.60368
2025-02-10,2.48014,2.65275,2.44041,2.54594,32814.92378
2025-02-11,2.56021,2.69609,2.56021,2.62038,37469.64614
2025-02-12,2.6302,3.01621,2.59273,3.00477,70405.07061
2025-02-13,2.99095,3.10552,2.92732,3.01939,36077.44572
2025-02-14,3.03247,3.78,3.03208,3.21341,136067.29821
2025-02-15,3.19732,3.24654,3.11086,3.15554,6545.0548
2025-02-16,3.1844,3.19334,3.0381,3.05341,12262.18069
2025-02-17,3.05681,3.09392,2.71413,2.72297,30501.876
2025-02-18,2.71338,2.7309,2.49566,2.63473,32465.23179
2025-02-19,2.63925,2.75215,2.58487,2.60422,38954.1304
2025-02-20,2.6222,2.74002,2.56796,2.74002,12576.64656
2025-02-21,2.71552,3.65,2.67581,2.92073,213184.03862
2025-02-22,2.94532,2.98686,2.82313,2.9613,32857.11257
2025-02-23,2.94751,3.4,2.72083,2.7763,80828.732
2025-02-24,2.78672,2.82074,2.4395,2.49671,32159.29042
2025-02-25,2.52237,2.59301,2.37347,2.58191,59429.66935
2025-02-26,2.57739,2.72132,2.48946,2.58188,49392.80494
2025-02-27,2.56618,2.58656,2.45625,2.47538,117763.43099
2025-02-28,2.497,2.56442,2.25881,2.51165,30179.8236
2025-03-01,2.50087,2.53975,2.36935,2.41234,14514.74114
2025-03-02,2.40633,3.14785,2.381,2.76724,194114.36858
2025-03-03,2.78351,2.78351,2.33327,2.33772,91455.30824
2025-03-04,2.33453,2.42369,1.99999,2.36901,157300.04553
2025-03-05,2.37278,2.73668,2.33867,2.7089,104049.65332
2025-03-06,2.72818,2.72818,2.51127,2.63145,37464.45489
2025-03-07,2.64744,2.71472,2.45388,2.48143,32691.98302
2025-03-08,2.49585,2.4969,2.30042,2.31906,30232.91911
2025-03-09,2.329,2.37665,2.13206,2.13716,10605.59903
2025-03-10,2.14057,2.29137,2.07655,2.14419,59409.4055
2025-03-11,2.12209,2.24127,1.97777,2.14989,56581.90704
2025-03-12,2.15189,2.25717,2.05577,2.13659,22670.43383
2025-03-13,2.16051,2.23985,2.10355,2.15449,25452.70664
2025-03-14,2.1341,2.29295,2.1341,2.22974,23421.98832
2025-03-15,2.22948,2.2456,2.18025,2.2331,12131.9537
2025-03-16,2.23761,2.24716,2.07582,2.07582,12230.09937
2025-03-17,2.10223,2.22773,2.10223,2.19952,25280.62103
2025-03-18,2.2016,2.2016,2.09379,2.15567,13247.68904
2025-03-19,2.16525,2.26716,2.10952,2.26716,11405.35634
2025-03-20,2.27272,2.2887,2.10231,2.14379,5880.93991
2025-03-21,2.15649,2.16255,2.06276,2.11879,9036.11129
2025-03-22,2.14121,2.16553,2.11704,2.12418,12644.5893
2025-03-23,2.1397,2.17622,2.12769,2.16784,8637.86701
2025-03-24,2.18331,2.28168,2.16039,2.2522,19145.40803
2025-03-25,2.24533,2.47014,2.21822,2.40935,75190.06285
2025-03-26,2.4,2.5375,2.33,2.36968,18710.192
2025-03-27,2.36374,2.40627,2.32805,2.388,53487.61569
2025-03-28,2.385,2.3945,2.19985,2.21256,13769.39346
2025-03-29,2.23087,2.2374,2.09878,2.2224,24563.08259
2025-03-30,2.20124,2.2537,2.15816,2.22241,18354.20892
2025-03-31,2.21628,2.36804,2.16147,2.36072,20274.38349
2025-04-01,2.36816,2.39007,2.25479,2.29904,19146.12226
2025-04-02,2.27073,2.32983,2.08451,2.09513,26359.637
2025-04-03,2.0938,2.14872,1.92729,1.97034,44796.1854
2025-04-04,1.98169,1.99251,1.855,1.86609,17144.85304
2025-04-05,1.87086,1.87293,1.71,1.72216,24517.89099
2025-04-06,1.76823,1.78794,1.52938,1.56692,159297.90098
2025-04-07,1.55666,1.61221,1.41389,1.59159,85440.29501
2025-04-08,1.60518,1.77166,1.57457,1.58373,157384.82824
2025-04-09,1.58539,1.75244,1.5203,1.71386,91580.73513
2025-04-10,1.7077,1.7077,1.58248,1.64535,35367.13045
2025-04-11,1.6525,1.85732,1.6488,1.71525,31891.69329
2025-04-12,1.71939,1.83275,1.70459,1.82078,7789.39412
2025-04-13,1.7932,1.80324,1.66805,1.67882,10366.80821
2025-04-14,1.69452,1.75924,1.67276,1.68955,14141.38107
2025-04-15,1.69749,1.69937,1.60191,1.61247,34248.78066
2025-04-16,1.61084,1.63682,1.566,1.59484,12484.84802
2025-04-17,1.58,1.62588,1.56197,1.5825,111844.4811
2025-04-18,1.58656,1.6245,1.57043,1.61391,12467.44766
2025-04-19,1.61283,1.70274,1.61283,1.68319,29158.89417
2025-04-20,1.70717,1.71146,1.63519,1.64791,8150.02662
2025-04-21,1.65225,1.72002,1.63638,1.668,87497.91228
2025-04-22,1.67033,1.88035,1.6688,1.86796,24398.64717
2025-04-23,1.87555,1.89438,1.7798,1.81975,83989.35037
2025-04-24,1.78467,1.82933,1.6982,1.82933,23315.84109
2025-04-25,1.84058,1.87787,1.79929,1.87429,22507.00791
2025-04-26,1.87882,1.93501,1.79839,1.84716,101907.12611
2025-04-27,1.8497,1.85832,1.76562,1.76713,6301.9505
2025-04-28,1.76598,1.84395,1.70541,1.80679,11598.6157
2025-04-29,1.81129,1.90634,1.77351,1.77351,100836.15579
2025-04-30,1.7934,1.83089,1.74604,1.81942,31293.94312
2025-05-01,1.82157,1.88541,1.79309,1.84688,46280.94134
2025-05-02,1.85563,1.87954,1.78295,1.7875,15779.64675
2025-05-03,1.79739,1.79739,1.65,1.66389,50579.30629
2025-05-04,1.63,1.63381,1.59124,1.59124,25118.76181
2025-05-05,1.59406,1.62204,1.57777,1.61466,36318.07658
2025-05-06,1.62657,1.6309,1.52,1.585,111516.49687
2025-05-07,1.58537,1.65171,1.55502,1.64,95918.1611
2025-05-08,1.65176,1.934,1.65176,1.924,48424.80668
2025-05-09,1.924,2.05083,1.9,1.964,17712.00702
2025-05-10,1.974,2.23502,1.974,2.13094,46193.1433
2025-05-11,2.12686,2.14171,2.025,2.05742,24434.5373
2025-05-12,2.05468,2.1643,1.94954,2.04812,220282.99278
2025-05-13,2.02558,2.1206,1.936,2.09516,78329.66075
2025-05-14,2.12917,2.19102,2.05401,2.05401,74266.99047
2025-05-15,2.07086,2.07086,1.87685,1.92111,24546.54036
2025-05-16,1.92824,1.97705,1.90258,1.90636,10649.55469
2025-05-17,1.879,1.88799,1.83975,1.84936,19793.40812
2025-05-18,1.87261,2.01098,1.85098,1.94967,32799.6612
2025-05-19,1.96898,1.97661,1.8,1.93531,38534.06882
2025-05-20,1.94016,2.03731,1.93999,2.00556,33984.89556
2025-05-21,2.01633,2.07674,1.97714,2.03972,21586.31235
2025-05-22,2.03893,2.12164,2.03722,2.12164,26551.0219
2025-05-23,2.12917,2.21371,1.99524,2.00698,141643.55653
2025-05-24,2.01122,2.04846,1.97068,1.98201,20185.15857
2025-05-25,2.00296,2.00301,1.87487,1.95,34040.67592
2025-05-26,1.95757,2.01237,1.9354,1.95048,9760.06193
2025-05-27,1.94209,2.03,1.90399,1.96718,24140.92114
2025-05-28,1.96762,1.97328,1.85153,1.89134,128421.59408
2025-05-29,1.89329,1.9228,1.79549,1.80641,29192.01423
2025-05-30,1.77823,1.77867,1.57691,1.59098,28698.0089
2025-05-31,1.58,1.70335,1.54269,1.65373,15451.49973
2025-06-01,1.65863,1.71783,1.60749,1.71613,15720.37987
2025-06-02,1.71017,1.74825,1.67563,1.74419,13249.51361
2025-06-03,1.75093,1.88682,1.75093,1.81976,23607.76131
2025-06-04,1.82106,1.91919,1.81085,1.85345,14701.02104
2025-06-05,1.8583,1.86862,1.63828,1.6989,26856.05361
2025-06-06,1.68706,1.86235,1.68035,1.81048,9366.42585
2025-06-07,1.79762,1.87156,1.79762,1.85029,6040.32102
2025-06-08,1.84923,1.88821,1.81904,1.86187,8394.83924
2025-06-09,1.86976,1.95846,1.82337,1.94979,26444.06736
2025-06-10,1.94497,2.27304,1.89574,2.22138,115771.18202
2025-06-11,2.23084,2.3074,2.09,2.13043,94612.10251
2025-06-12,2.12313,2.14798,1.94789,1.9479,44904.34824
2025-06-13,1.93633,2.0568,1.79618,2.0568,86749.80725
2025-06-14,2.04467,2.07431,1.89535,1.95002,31713.83774
2025-06-15,1.96163,2.27238,1.96163,2.24746,86242.377
2025-06-16,2.25907,2.42,2.17447,2.17472,136679.16947
2025-06-17,2.16931,2.30291,2.134,2.19616,74067.98164
2025-06-18,2.17452,2.33087,2.08163,2.29754,40947.77546
2025-06-19,2.29841,3.19,2.25031,2.27808,125526.36264
2025-06-20,2.28709,2.31641,2.08575,2.1138,60694.7953
2025-06-21,2.11381,2.16141,2.01312,2.06813,23827.35787
2025-06-22,2.07999,2.1202,1.90652,1.99367,92293.83411
2025-06-23,2.01435,2.17827,1.93432,2.13403,53093.75618
2025-06-24,2.11903,2.19132,2.07267,2.09125,39759.02782
2025-06-25,2.10704,2.11786,1.99541,1.99881,49941.39503
2025-06-26,1.99974,2.0677,1.93633,1.94665,25758.39401
2025-06-27,1.95407,1.97829,1.89576,1.93034,41592.95477
2025-06-28,1.94559,2.27122,1.94559,2.2368,37665.59382
2025-06-29,2.23847,2.29089,2.2,2.26723,35744.44209
2025-06-30,2.27953,2.48577,2.18,2.22994,247717.73491
2025-07-01,2.23011,2.23011,2.03179,2.03741,35898.5554
2025-07-02,2.04811,2.18858,2.01971,2.16798,50985.91127
2025-07-03,2.17962,2.21128,2.10782,2.11463,17985.15962
2025-07-04,2.11288,2.11288,1.98095,2.02474,15120.06643
2025-07-05,2.02914,2.05962,1.96347,2.00169,9965.09855
2025-07-06,1.98434,2.01832,1.9168,1.93804,40150.89493
2025-07-07,1.93694,1.93697,1.81815,1.8695,30745.94101
2025-07-08,1.86991,1.87832,1.83594,1.84643,21881.93445
2025-07-09,1.84362,1.92684,1.83978,1.92502,45609.85662
2025-07-10,1.92641,1.97925,1.84819,1.97413,72649.1681
2025-07-11,1.95283,2.0285,1.90096,1.9417,61460.84921
2025-07-12,1.91456,1.97439,1.8447,1.8883,38796.98675
2025-07-13,1.88954,1.96505,1.88948,1.906,32525.70089
2025-07-14,1.91738,1.9999,1.86678,1.89392,359264.68989
2025-07-15,1.88602,1.9063,1.78983,1.9063,110064.49562
2025-07-16,1.89235,2.00242,1.86485,1.95744,192820.23108
2025-07-17,1.97392,1.97392,1.84689,1.94765,75174.06409
2025-07-18,1.94758,2.05407,1.8749,1.9355,67964.15795
2025-07-19,1.93408,1.95436,1.87769,1.94276,27771.36848
2025-07-20,1.94247,2.08714,1.94247,2.04905,83277.91022
2025-07-21,2.03874,2.2932,1.98714,2.17986,219531.24362
2025-07-22,2.18021,2.31229,2.09413,2.21668,154190.00695
2025-07-23,2.20103,2.20103,1.9353,2.0239,79961.36583
2025-07-24,2.01323,2.09891,1.95459,1.97041,179437.75224
2025-07-25,1.95,2.01472,1.89006,1.97918,206493.83487
2025-07-26,1.98534,2.03602,1.95789,1.99257,33006.7036
2025-07-27,1.9931,2.03848,1.98872,2.02685,76544.92474
2025-07-28,2.02439,2.10152,1.89006,1.90799,96295.91281
2025-07-29,1.9288,1.97584,1.87168,1.91798,78694.54026
2025-07-30,1.88468,1.91553,1.743,1.82862,80522.31665
2025-07-31,1.85025,1.86599,1.67625,1.67653,85463.34766
2025-08-01,1.67625,1.70459,1.61496,1.67807,161132.83712
2025-08-02,1.67474,1.69409,1.60276,1.62866,38164.47918
2025-08-03,1.62001,1.71419,1.61496,1.71419,23650.72702
2025-08-04,1.71335,1.73461,1.68978,1.69985,28343.96575
2025-08-05,1.70232,1.77248,1.61964,1.65025,83038.54697
2025-08-06,1.62646,1.67453,1.60402,1.67233,35867.3681
2025-08-07,1.67572,1.78888,1.67243,1.78737,50519.41901
2025-08-08,1.7843,1.81704,1.76939,1.81704,169026.09852
2025-08-09,1.82189,1.8938,1.82075,1.87116,36855.32354
2025-08-10,1.8766,1.94559,1.84183,1.90841,64539.45244
2025-08-11,1.90805,1.95221,1.76939,1.787,41565.00222
2025-08-12,1.78519,1.93506,1.73821,1.91488,209317.13784
2025-08-13,1.92232,1.98846,1.88813,1.92129,63128.06231
2025-08-14,1.92952,1.96498,1.76282,1.80784,93069.82626
2025-08-15,1.804,1.82333,1.70963,1.75835,32076.85467
2025-08-16,1.76206,1.78201,1.74636,1.76989,6378.93166
2025-08-17,1.77218,1.8082,1.76671,1.77439,10014.40502
2025-08-18,1.77212,1.77212,1.68,1.69814,20631.88199
2025-08-19,1.686,1.70657,1.62174,1.62647,10882.69736
2025-08-20,1.63383,1.7395,1.63383,1.7395,44125.70143
2025-08-21,1.75093,1.76986,1.7166,1.74631,9656.62881
2025-08-22,1.76625,1.89747,1.6774,1.8929,116557.03923
2025-08-23,1.8929,1.9834,1.84459,1.95548,36144.07516
2025-08-24,1.96023,2.05233,1.89041,1.92202,63809.39141
2025-08-25,1.94559,1.97772,1.7342,1.7556,105738.79793
2025-08-26,1.75859,1.87,1.75859,1.85064,17955.09616
2025-08-27,1.84364,2.03523,1.83443,1.95809,76890.41665
2025-08-28,1.9669,2.0985,1.95,2.02663,112188.92897
2025-08-29,2.04317,2.08005,1.93902,1.99332,116567.43452
2025-08-30,1.97698,2.00159,1.91041,1.93237,17310.40528
2025-08-31,1.94296,1.97491,1.888,1.888,47280.69552
2025-09-01,1.879,1.92033,1.80376,1.8215,14807.91704
2025-09-02,1.8304,1.924,1.8304,1.90367,16233.7043
2025-09-03,1.89887,1.92678,1.836,1.88687,24650.23935
2025-09-04,1.88432,1.90323,1.80656,1.82276,45100.26585
2025-09-05,1.8257,1.8917,1.82546,1.84589,14390.99239
2025-09-06,1.83984,1.85457,1.79542,1.80072,12854.73931
2025-09-07,1.8135,1.81938,1.77713,1.81617,12137.51458
2025-09-08,1.80706,1.88675,1.79614,1.87704,47645.58057
2025-09-09,1.8825,1.95599,1.86045,1.90036,298378.27786
2025-09-10,1.90557,1.92033,1.8612,1.89481,44728.22836
2025-09-11,1.9004,1.91204,1.80649,1.84372,69270.74644
2025-09-12,1.8433,2.02608,1.78699,2.00799,324262.74168
2025-09-13,2.00025,2.0139,1.94,2.00982,42878.54247
2025-09-14,1.99078,2.0393,1.89,1.91539,135563.0192
2025-09-15,1.91419,1.9541,1.78472,1.80269,156501.22996
2025-09-16,1.80589,1.87335,1.79736,1.84066,33546.44444
2025-09-17,1.82889,2.15397,1.79048,2.05101,77104.20034
2025-09-18,2.05919,2.1027,1.98075,1.99,107423.52257
2025-09-19,2.0045,2.00775,1.85,1.854,85463.60384
2025-09-20,1.85325,1.89016,1.84217,1.85645,26940.85333
2025-09-21,1.85898,1.88241,1.8412,1.8412,25830.24201
2025-09-22,1.8365,1.8365,1.59031,1.66577,167338.34357
2025-09-23,1.67184,1.68516,1.61247,1.64471,83177.74148
2025-09-24,1.65266,1.69469,1.59886,1.64155,54258.99131
2025-09-25,1.63363,1.6404,1.5113,1.51646,63125.83923
2025-09-26,1.53399,1.60164,1.51176,1.60164,31498.01051
2025-09-27,1.59413,1.5999,1.56641,1.58782,3510.46062
2025-09-28,1.56045,1.62549,1.55315,1.62295,17934.67508
2025-09-29,1.61174,1.61362,1.56268,1.59197,26753.88077
2025-09-30,1.58256,1.58256,1.51994,1.57121,38724.50906
2025-10-01,1.56527,1.65145,1.55987,1.65115,45865.58892
2025-10-02,1.64869,1.69435,1.63826,1.68497,104111.99714
2025-10-03,1.67674,1.72485,1.6257,1.65237,71080.44738
2025-10-04,1.65003,1.65821,1.58,1.60935,25907.93986
2025-10-05,1.61032,1.67931,1.58001,1.59968,14293.63199
2025-10-06,1.58737,1.69134,1.58737,1.6678,80823.86124
2025-10-07,1.66286,1.68173,1.56641,1.58588,43452.4206
2025-10-08,1.59282,1.63809,1.57281,1.62301,31466.88137
2025-10-09,1.6081,1.6081,1.52707,1.56627,44785.88914
2025-10-10,1.5688,1.586,0.26496,1.04009,263630.4819
2025-10-11,1.04003,1.127,1.00626,1.03998,155743.81232
2025-10-12,1.041,1.19793,1.01227,1.16528,107524.03934
2025-10-13,1.1544,1.2492,1.1197,1.23368,93823.36844
2025-10-14,1.24047,1.24218,1.08979,1.16164,81002.85923
2025-10-15,1.16304,1.34595,1.11801,1.12929,130226.76989
2025-10-16,1.12609,1.20397,1.06959,1.12483,192716.38351
2025-10-17,1.14144,1.2065,1.09106,1.13069,171285.77438
2025-10-18,1.13531,1.14389,1.043,1.06944,102367.18363
2025-10-19,1.06729,1.1,1.05,1.09468,47198.09816
2025-10-20,1.07974,1.16539,1.06972,1.14202,144892.16617
2025-10-21,1.13218,1.16297,1.06404,1.07131,40667.88147
2025-10-22,1.0765,1.09385,1.012,1.03449,82272.18115
2025-10-23,1.03541,1.10623,1.03527,1.07906,34037.59564
2025-10-24,1.08208,1.139,1.07747,1.139,65851.43161
2025-10-25,1.12548,1.14545,1.11615,1.13555,177185.47416
2025-10-26,1.13691,1.16695,1.13172,1.1537,32339.69929
2025-10-27,1.16481,1.17393,1.08745,1.09711,38666.47111
2025-10-28,1.10397,1.12005,1.03682,1.05366,21270.72062
2025-10-29,1.05632,1.32,1.02344,1.05885,62009.78181
2025-10-30,1.06363,1.07282,0.90473,0.92511,69919.79646
2025-10-31,0.92853,0.93476,0.87,0.90346,37070.63782
2025-11-01,0.90336,0.93777,0.8956,0.93709,47995.29773
2025-11-02,0.93684,0.96215,0.92101,0.9575,45228.95083
2025-11-03,0.95906,0.96071,0.78354,0.81583,67009.7869
2025-11-04,0.81597,0.84691,0.71955,0.76261,207495.73271
2025-11-05,0.7652,0.80531,0.71838,0.79314,30559.84879
2025-11-06,0.78676,0.78908,0.73224,0.73853,13756.91382
2025-11-07,0.754,0.83811,0.71838,0.82379,59967.62802
2025-11-08,0.82883,0.85009,0.79666,0.80767,45270.52911
2025-11-09,0.80081,0.80589,0.76217,0.78398,23628.12112
2025-11-10,0.77901,0.98199,0.77142,0.80548,97642.89023
2025-11-11,0.80073,0.83894,0.70743,0.71349,89644.69602
2025-11-12,0.70743,0.76145,0.6989,0.70988,36453.23579
2025-11-13,0.71574,0.76907,0.64377,0.66236,173812.6007
2025-11-14,0.66024,0.668,0.58545,0.59783,124768.6725
2025-11-15,0.60184,0.61332,0.58053,0.59037,52980.42675
2025-11-16,0.58894,0.60713,0.55579,0.57706,101932.56597
2025-11-17,0.56775,0.58085,0.53436,0.54857,109309.89653
2025-11-18,0.54974,0.58088,0.53621,0.56357,77431.02452
2025-11-19,0.56192,0.56267,0.51246,0.54592,73440.25071
2025-11-20,0.54549,0.56632,0.52341,0.52668,40620.65996
2025-11-21,0.52452,0.53339,0.44684,0.47672,86999.53077
2025-11-22,0.47485,0.47926,0.45121,0.46619,51359.94957
2025-11-23,0.46206,0.47518,0.45746,0.46661,15994.50671
2025-11-24,0.46308,0.50715,0.45851,0.50715,55682.44486
2025-11-25,0.50493,0.54197,0.48528,0.51198,51319.0324
2025-11-26,0.51281,0.65,0.51222,0.54286,448121.16102
2025-11-27,0.53747,0.54465,0.50679,0.51039,231702.55738
2025-11-28,0.50889,0.50943,0.4821,0.4952,266048.23989
2025-11-29,0.49335,0.49346,0.47322,0.47638,30982.04366
2025-11-30,0.47251,0.48447,0.46368,0.46368,28339.03055
2025-12-01,0.4624,0.46303,0.40646,0.41657,257785.15586
2025-12-02,0.41905,0.47753,0.40712,0.47019,70881.77591
2025-12-03,0.47006,0.47797,0.45851,0.47392,51733.554
2025-12-04,0.47496,0.47692,0.45162,0.45708,179003.19795
2025-12-05,0.458,0.46078,0.42286,0.43106,176600.61911
2025-12-06,0.43535,0.54757,0.43123,0.44623,110989.43224
2025-12-07,0.45515,0.46882,0.4299,0.43791,64442.1259
2025-12-08,0.43957,0.4518,0.42671,0.42896,49393.41631
2025-12-09,0.42995,0.47355,0.41762,0.44104,93383.87714
2025-12-10,0.4377,0.53562,0.41283,0.41783,204219.45761
2025-12-11,0.41783,0.41783,0.38882,0.40901,33042.48772
2025-12-12,0.40514,0.41026,0.37702,0.39,84621.85974
2025-12-13,0.39011,0.39895,0.39008,0.39303,38741.51444
2025-12-14,0.39397,0.39701,0.36786,0.3692,67773.03398
2025-12-15,0.37093,0.38203,0.34546,0.35826,93615.03769
2025-12-16,0.35879,0.36616,0.35083,0.3628,48546.30568
2025-12-17,0.36213,0.36826,0.33401,0.33557,54767.03915
2025-12-18,0.33396,0.34365,0.30808,0.32041,119227.47451
2025-12-19,0.32232,0.34882,0.31676,0.34636,80828.00446
2025-12-20,0.34508,0.36774,0.34384,0.36327,156403.42528
2025-12-21,0.36477,0.36477,0.34458,0.35665,86680.15311
2025-12-22,0.3591,0.36455,0.34978,0.3558,39706.04015
2025-12-23,0.35697,0.36119,0.34502,0.35696,19749.00229
2025-12-24,0.3601,0.3642,0.34691,0.3642,54431.94593
2025-12-25,0.3617,0.38027,0.36113,0.36242,49297.55744
2025-12-26,0.37713,0.38514,0.36838,0.37801,46744.89226
2025-12-27,0.37842,0.39579,0.37842,0.39301,11068.09315
2025-12-28,0.39516,0.39857,0.38732,0.39285,23637.85172
2025-12-29,0.39433,0.40324,0.38455,0.38457,311417.75373
2025-12-30,0.38657,0.39897,0.38405,0.39479,35526.12814
2025-12-31,0.39172,0.39654,0.37878,0.3913,143885.86115
2026-01-01,0.39133,0.46228,0.39025,0.4213,121662.31818
2026-01-02,0.41852,0.4546,0.41639,0.44902,171237.91689
2026-01-03,0.44874,0.45693,0.4404,0.45468,12560.52593
2026-01-04,0.45841,0.49788,0.45495,0.48867,164674.30085
2026-01-05,0.48882,0.49422,0.46492,0.492,68911.59187
2026-01-06,0.48868,0.52641,0.48235,0.49079,93551.82075
2026-01-07,0.49085,0.49085,0.4237,0.42944,152029.14563
2026-01-08,0.43374,0.54757,0.42891,0.44471,164364.65472
2026-01-09,0.44283,0.45873,0.43907,0.44453,183884.48086
2026-01-10,0.44398,0.45251,0.43727,0.44263,19591.51917
2026-01-11,0.44333,0.46145,0.43564,0.4365,32788.66503
2026-01-12,0.44239,0.45325,0.42127,0.42538,34574.34005
2026-01-13,0.42639,0.46596,0.42639,0.45978,145267.01297
2026-01-14,0.45909,0.47413,0.45312,0.45595,168624.25416
2026-01-15,0.45507,0.45592,0.41271,0.41634,74253.01928
2026-01-16,0.41526,0.41895,0.3992,0.41803,173795.58674
2026-01-17,0.41869,0.42387,0.39953,0.40073,78455.3911
2026-01-18,0.405,0.405,0.375,0.375,42195.81921
2026-01-19,0.36789,0.36789,0.33542,0.36166,232140.15074
2026-01-20,0.36055,0.36444,0.33,0.33775,144576.2724
2026-01-21,0.33915,0.34977,0.32966,0.33907,383847.29655
2026-01-22,0.34013,0.34451,0.32622,0.32668,73438.78375
2026-01-23,0.32878,0.33781,0.32281,0.32849,78480.27342
2026-01-24,0.32948,0.33251,0.32624,0.33042,61183.34972
2026-01-25,0.33544,0.37424,0.30742,0.30742,288293.30797
2026-01-26,0.30758,0.36499,0.30255,0.34661,218713.50084
2026-01-27,0.34109,0.37046,0.3314,0.37046,143579.81966
2026-01-28,0.37113,0.51,0.36091,0.42445,1956945.13367
2026-01-29,0.41912,0.45439,0.37471,0.37471,599203.99823
2026-01-30,0.373,0.373,0.3407,0.34317,133314.26849
2026-01-31,0.34502,0.34548,0.27229,0.30886,163897.52666
2026-02-01,0.31273,0.31517,0.27708,0.28445,100620.66041
2026-02-02,0.28369,0.3071,0.26888,0.30414,199108.1604
2026-02-03,0.30256,0.30517,0.27587,0.29165,45263.67224
2026-02-04,0.29588,0.30346,0.28109,0.28667,126673.14722
2026-02-05,0.28448,0.28704,0.23489,0.23703,226066.30891
2026-02-06,0.23882,0.2639,0.21107,0.26017,104368.71321
2026-02-07,0.25924,0.27703,0.24772,0.25854,314847.49155
2026-02-08,0.26048,0.26806,0.24997,0.25164,22706.27396
2026-02-09,0.25345,0.25758,0.24268,0.24994,14575.64385
2026-02-10,0.24864,0.26525,0.23784,0.24096,106004.2616
2026-02-11,0.24253,0.24376,0.23036,0.24147,107441.03495
2026-02-12,0.2429,0.26414,0.2429,0.25878,146520.24124
2026-02-13,0.25985,0.27294,0.25146,0.2681,92304.18764
2026-02-14,0.26681,0.29168,0.26675,0.28689,99296.50889
2026-02-15,0.28427,0.29081,0.26449,0.26851,44941.59538
2026-02-16,0.27041,0.27347,0.26093,0.27117,50303.12122
2026-02-17,0.27007,0.39648,0.26941,0.33415,1191858.75166
2026-02-18,0.33062,0.4885,0.29774,0.30202,482505.99787
2026-02-19,0.30093,0.44999,0.28036,0.28298,273168.30171
2026-02-20,0.28683,0.33996,0.28683,0.31379,309430.64269
2026-02-21,0.30903,0.3214,0.30428,0.30781,168420.37945
2026-02-22,0.30675,0.33568,0.29737,0.30268,136776.23885
2026-02-23,0.30643,0.31066,0.27197,0.27765,149755.19451
2026-02-24,0.27666,0.28667,0.27197,0.28014,58556.70439
2026-02-25,0.27976,0.30348,0.27903,0.29397,56454.18673
2026-02-26,0.29316,0.29316,0.27223,0.27953,66206.84349
2026-02-27,0.27856,0.29279,0.27197,0.27694,103256.49587
2026-02-28,0.27664,0.2792,0.2534,0.27424,68114.39366
2026-03-01,0.27179,0.2777,0.25794,0.26413,65587.06191
2026-03-02,0.26484,0.28747,0.26119,0.27512,63139.75081
2026-03-03,0.27571,0.27958,0.267,0.27488,113184.76934
2026-03-04,0.27359,0.28505,0.268,0.27419,220385.13341
2026-03-05,0.27651,0.28043,0.26711,0.27637,34469.83576
2026-03-06,0.27367,0.27367,0.25514,0.26137,34884.99737
2026-03-07,0.26077,0.26077,0.25296,0.25461,16157.29041
2026-03-08,0.2532,0.25914,0.24987,0.25411,12197.48774
2026-03-09,0.25452,0.26357,0.25452,0.25841,50836.0205
2026-03-10,0.26047,0.26517,0.25687,0.25923,42759.95076
2026-03-11,0.25918,0.27637,0.2575,0.27319,378662.72076
2026-03-12,0.27415,0.29,0.26933,0.28548,307037.17252
2026-03-13,0.28729,0.29209,0.2842,0.28422,172377.09352
2026-03-14,0.28148,0.2824,0.27698,0.27804,14539.61373
2026-03-15,0.279,0.28889,0.27703,0.28678,40232.58869
2026-03-16,0.28771,0.29768,0.2857,0.29765,56224.7744
2026-03-17,0.29703,0.3024,0.28869,0.29802,50407.4107
2026-03-18,0.29618,0.30524,0.28389,0.29855,52871.3431
2026-03-19,0.29781,0.30401,0.28787,0.29407,49577.71412
2026-03-20,0.29718,0.31427,0.29718,0.30478,43214.53161
2026-03-21,0.30258,0.31152,0.30191,0.3027,30127.1693
2026-03-22,0.28897,0.29148,0.275,0.27944,47997.7055
2026-03-23,0.27923,0.35979,0.27685,0.32913,466964.76696
2026-03-24,0.3267,0.36187,0.31156,0.32194,334297.69772
2026-03-25,0.32262,0.3965,0.32091,0.33485,424641.50858
2026-03-26,0.33535,0.34422,0.31134,0.31154,71938.23263
2026-03-27,0.31581,0.32382,0.30287,0.30625,37764.52057
2026-03-28,0.30215,0.30741,0.29455,0.29825,102597.92357
2026-03-29,0.2918,0.2918,0.27768,0.2805,181588.24132
2026-03-30,0.2801,0.28888,0.27341,0.27403,90659.49407
2026-03-31,0.27315,0.28108,0.2684,0.27966,33374.62822
2026-04-01,0.2772,0.28235,0.27434,0.27524,53810.34851
2026-04-02,0.27364,0.27366,0.25919,0.26118,93625.76383
2026-04-03,0.26149,0.26218,0.25488,0.25616,44049.707
2026-04-04,0.25974,0.36,0.25865,0.27546,320602.48087
2026-04-05,0.2719,0.27717,0.26276,0.2742,165237.5399
2026-04-06,0.27649,0.27933,0.27047,0.27047,35492.86249
2026-04-07,0.26864,0.28289,0.26327,0.28255,11774.89774
2026-04-08,0.27937,0.28365,0.27592,0.27828,26010.1088
2026-04-09,0.27537,0.29382,0.27333,0.28935,40099.6033
2026-04-10,0.29072,0.30811,0.28909,0.30672,133544.06499
2026-04-11,0.3018,0.30653,0.29985,0.30558,45427.69176
2026-04-12,0.30048,0.307,0.29525,0.3049,103793.02873
2026-04-13,0.3055,0.34223,0.30518,0.32634,326615.73426
2026-04-14,0.32767,0.3336,0.3075,0.31115,88633.97978
2026-04-15,0.30677,0.32168,0.30677,0.31478,118519.83049
2026-04-16,0.3144,0.34118,0.31393,0.33709,52320.64656
2026-04-17,0.34216,0.34322,0.3294,0.33297,54535.82488
2026-04-18,0.3339,0.33785,0.31891,0.32059,44004.84875
2026-04-19,0.31558,0.3197,0.30771,0.30771,41004.38852
2026-04-20,0.30774,0.35114,0.30774,0.33675,158139.71475
2026-04-21,0.33547,0.34398,0.33089,0.34061,37853.36043
2026-04-22,0.34332,0.36527,0.33866,0.33866,112843.06273
2026-04-23,0.33422,0.34711,0.33194,0.34627,29223.92102
2026-04-24,0.34949,0.3586,0.34378,0.34588,41342.68483
2026-04-25,0.34558,0.35458,0.3433,0.34533,29584.61165
2026-04-26,0.34898,0.38467,0.34898,0.35606,88085.0766
2026-04-27,0.35325,0.35984,0.33228,0.34338,87376.19618
2026-04-28,0.34218,0.34414,0.33517,0.33843,99449.57183
2026-04-29,0.33899,0.34759,0.32686,0.34023,77930.41951
2026-04-30,0.34152,0.35582,0.33995,0.35501,58840.31782
2026-05-01,0.35523,0.36436,0.35289,0.35941,38338.16824
2026-05-02,0.35911,0.38019,0.3576,0.37915,91251.69667
2026-05-03,0.38072,0.4072,0.37615,0.39397,88016.7292
2026-05-04,0.39421,0.40209,0.3829,0.38986,70710.34013
2026-05-05,0.38947,0.39474,0.35375,0.37369,226925.97847
2026-05-06,0.37299,0.50999,0.37217,0.41674,1011693.43733
2026-05-07,0.42432,0.7,0.40544,0.58853,1749569.17189
2026-05-08,0.59857,0.62261,0.54314,0.55811,689321.54146
2026-05-09,0.55909,0.60885,0.53054,0.53101,158511.34145
2026-05-10,0.5281,0.58013,0.5013,0.51219,123117.27217
2026-05-11,0.5069,0.52656,0.495,0.5216,106859.22148
2026-05-12,0.52034,0.53062,0.47766,0.48149,98307.70965
2026-05-13,0.48304,0.52816,0.47743,0.50312,240133.0573
2026-05-14,0.50424,0.54583,0.49165,0.51786,209549.26867
2026-05-15,0.5134,0.5268,0.45,0.45,178574.38094
2026-05-16,0.45346,0.46467,0.438,0.44035,168126.51516
2026-05-17,0.44201,0.45791,0.41815,0.42904,57366.86124
2026-05-18,0.43098,0.43506,0.41282,0.42181,92250.19327
2026-05-19,0.41969,0.46473,0.40699,0.4084,187262.71512
2026-05-20,0.41061,0.54585,0.40797,0.5294,750856.24191
2026-05-21,0.52782,0.55262,0.48534,0.52557,464872.12945
2026-05-22,0.52709,0.55496,0.48272,0.49305,370168.20454
2026-05-23,0.49537,0.50881,0.46957,0.4953,235527.35768
2026-05-24,0.49449,0.54989,0.49023,0.50176,468238.98629
2026-05-25,0.50337,0.54959,0.4957,0.50846,477909.0935
2026-05-26,0.50902,0.55229,0.49529,0.518,484515.76643
2026-05-27,0.51707,0.59225,0.50143,0.54402,678869.55073
2026-05-28,0.54514,0.55819,0.46225,0.47922,839299.96479
2026-05-29,0.48059,0.55018,0.47074,0.51969,722831.86059
2026-05-30,0.51792,0.55718,0.51511,0.51874,495386.90997
2026-05-31,0.51881,0.53659,0.498,0.52063,501047.39884
2026-06-01,0.52413,0.60842,0.5127,0.57913,1463081.91369
2026-06-02,0.57902,0.70373,0.54487,0.55729,1636242.19346
2026-06-03,0.55664,0.65739,0.54954,0.64038,1113530.09719
2026-06-04,0.63834,0.65294,0.5478,0.55402,744194.03354
2026-06-05,0.55296,0.57003,0.47671,0.51552,651686.01566
2026-06-06,0.51477,0.52765,0.47496,0.50145,268236.87538
2026-06-07,0.50082,0.66455,0.49802,0.61685,819950.95846
2026-06-08,0.61638,0.67606,0.58885,0.59669,306318.13495
2026-06-09,0.59732,0.654,0.5772,0.59873,899113.88898
2026-06-10,0.60045,0.61493,0.56004,0.57306,772555.60495
2026-06-11,0.57326,0.59287,0.53228,0.53335,712332.72972
2026-06-12,0.53221,0.55277,0.52449,0.54573,595247.08379
2026-06-13,0.54405,0.555,0.52998,0.54478,659805.97207
2026-06-14,0.54331,0.57279,0.52392,0.55864,427826.90505
2026-06-15,0.56268,0.81926,0.55025,0.73353,2298521.17879
2026-06-16,0.72993,0.87868,0.70903,0.79437,2010517.85252
2026-06-17,0.793,0.80768,0.68389,0.69945,959194.88698
2026-06-18,0.70159,0.76049,0.68908,0.74487,1015221.56113
2026-06-19,0.7464,0.8071,0.7039,0.7492,1205911.43332
2026-06-20,0.75077,0.75592,0.66794,0.66794,1173964.9344
2026-06-21,0.66918,0.73093,0.64181,0.64325,879412.13138
2026-06-22,0.64207,0.67198,0.62703,0.6571,1139865.95337
2026-06-23,0.65699,0.68366,0.60648,0.66866,701739.73114
2026-06-24,0.6734,0.71349,0.62309,0.68146,573945.79983
2026-06-25,0.68079,0.71249,0.63966,0.69802,293136.14547
2026-06-26,0.70188,0.88393,0.69424,0.80224,1053807.08241
2026-06-27,0.80417,0.84753,0.78395,0.81603,781383.54425
2026-06-28,0.81184,0.86797,0.75423,0.82153,490099.2379
2026-06-29,0.81705,0.85018,0.72998,0.74039,758868.60596
2026-06-30,0.7365,0.78069,0.70777,0.71075,494376.56542
2026-07-01,0.71235,0.81046,0.71235,0.7716,491963.72478
2026-07-02,0.76503,0.81456,0.73729,0.73958,420043.40481
2026-07-03,0.73918,0.78617,0.7299,0.76006,571139.14398
2026-07-04,0.76007,0.77745,0.71001,0.72881,449172.57942
2026-07-05,0.73262,0.74663,0.70925,0.72134,165436.28779
2026-07-06,0.72015,0.7977,0.70289,0.7924,545196.9525
2026-07-07,0.79304,0.79988,0.72081,0.73844,847261.61037
2026-07-08,0.73776,0.74808,0.59551,0.63475,1617810.8378
2026-07-09,0.632,0.6605,0.62398,0.63858,386789.06011
2026-07-10,0.63802,0.66796,0.61401,0.61599,242357.30879
2026-07-11,0.61512,0.63441,0.59708,0.59798,142713.56956
2026-07-12,0.59981,0.6166,0.58074,0.61182,364922.4636
2026-07-13,0.60827,0.6875,0.60827,0.64299,744875.94347
2026-07-14,0.64236,0.66408,0.63107,0.64556,462141.83389
2026-07-15,0.64529,0.6536,0.59735,0.61631,507974.38544
2026-07-16,0.61618,0.62525,0.5555,0.56847,468715.95644
2026-07-17,0.56918,0.57022,0.54392,0.56363,265874.43581
2026-07-18,0.56257,0.56634,0.54,0.54986,165643.98966
2026-07-19,0.54779,0.57431,0.53644,0.56779,377925.14812
2026-07-20,0.56699,0.63113,0.56626,0.61712,799549.44914
2026-07-21,0.61807,0.64075,0.59746,0.62869,354709.56288
2026-07-22,0.62822,0.64489,0.61597,0.62899,258777.28651
2026-07-23,0.63305,0.65193,0.59891,0.6282,376530.07707
2026-07-24,0.6266,0.63815,0.582,0.60576,424937.43458
2026-07-25,0.6024,0.613,0.5865,0.5865,130557.95448
2026-07-26,0.58867,0.5933,0.57081,0.58724,179089.65331
2026-07-27,0.58542,0.63151,0.55802,0.56447,558955.0369
2026-07-28,0.56438,0.57362,0.532,0.53645,191274.96729
2026-07-29,0.53798,0.55257,0.52638,0.54459,212034.5
2026-07-30,0.54328,0.54657,0.49343,0.50196,304162.42167
2026-07-31,0.50418,0.52711,0.50038,0.51382,104243.53334
2026-08-01,0.51568,0.51605,0.49217,0.49306,83690.82284
2026-08-02,0.49384,0.50497,0.48028,0.49535,50049.13902
2026-08-03,0.49491,0.51351,0.48868,0.51351,85285.14841
2026-08-04,0.51134,0.51544,0.49358,0.5075,133328.69976
2026-08-05,0.50674,0.522,0.50139,0.5219,151743.87895
2026-08-06,0.51908,0.52282,0.4693,0.47946,207687.65163
2026-08-07,0.48244,0.50491,0.47996,0.48919,100806.46305
2026-08-08,0.48664,0.51256,0.48368,0.50907,138659.08583
2026-08-09,0.50918,0.53161,0.50515,0.5193,129852.12881
2026-08-10,0.52059,0.57734,0.52059,0.54192,376387.36789
2026-08-11,0.54145,0.56199,0.5308,0.56019,97473.78255
2026-08-12,0.56295,0.57271,0.53704,0.56118,159312.56632
2026-08-13,0.56842,0.58945,0.54479,0.55313,187455.99358
2026-08-14,0.55355,0.57847,0.53881,0.57118,145704.15653
2026-08-15,0.57078,0.60098,0.56863,0.57822,97791.02024
2026-08-16,0.58204,0.59771,0.57654,0.58029,48772.11031
2026-08-17,0.58002,0.61862,0.57651,0.57783,190728.59173
2026-08-18,0.57819,0.58729,0.54672,0.55338,189659.79594
2026-08-19,0.55438,0.58587,0.54525,0.58227,146069.69737
2026-08-20,0.58463,0.59862,0.55926,0.57827,247423.17626
2026-08-21,0.57568,0.65861,0.56644,0.65308,602252.7039
2026-08-22,0.65228,0.67558,0.47225,0.5926,455767.5831
2026-08-23,0.59528,0.61273,0.55565,0.60618,454853.36012
2026-08-24,0.60218,0.60417,0.551,0.57143,473426.67524
2026-08-25,0.57422,0.6089,0.51674,0.51715,874875.85221
2026-08-26,0.52009,0.53809,0.50783,0.53742,285108.26452
2026-08-27,0.53687,0.5414,0.51325,0.5214,414230.46645
2026-08-28,0.51925,0.52974,0.46962,0.48172,724873.95332
2026-08-29,0.4847,0.5,0.47775,0.49486,168832.90862
2026-08-30,0.49369,0.49529,0.45166,0.45794,270363.63353
2026-08-31,0.45622,0.46215,0.43257,0.44098,348600.57745
2026-09-01,0.44422,0.45147,0.41871,0.42183,351456.50557
2026-09-02,0.42184,0.43231,0.41445,0.42519,167256.08443
